City_ID,City,Country,Date,Lat,Lng,Max Temp,Humidity,Cloudiness,Wind Speed
0,Segou,ML,2021-08-01 19:14:54,13.4317,-6.2157,83.73,61,100,10.47
1,Prince Rupert,CA,2021-08-01 19:14:54,54.3161,-130.3201,59.09,88,90,4.61
2,Mar Del Plata,AR,2021-08-01 19:14:55,-38.0023,-57.5575,54.09,29,20,3.0
3,Vaini,TO,2021-08-01 19:14:55,-21.2,-175.2,68.16,94,40,13.8
4,Nyurba,RU,2021-08-01 19:14:56,63.2842,118.3319,59.43,61,100,4.99
5,Lokosovo,RU,2021-08-01 19:14:56,61.1333,74.8167,59.05,73,100,6.78
6,Machilipatnam,IN,2021-08-01 19:14:57,16.1667,81.1333,85.89,57,99,10.47
7,Mataura,NZ,2021-08-01 19:14:57,-46.1927,168.8643,39.47,98,64,3.74
8,Cherskiy,RU,2021-08-01 19:14:57,68.75,161.3,35.17,90,96,18.48
9,Lamu,KE,2021-08-01 19:14:57,-2.2717,40.902,76.37,78,52,17.74
10,Busselton,AU,2021-08-01 19:14:58,-33.65,115.3333,52.56,76,100,8.21
11,West Point,US,2021-08-01 19:13:31,33.6076,-88.6503,88.11,77,1,3.44
12,Saskylakh,RU,2021-08-01 19:14:58,71.9167,114.0833,65.25,49,0,5.37
13,Bluff,NZ,2021-08-01 19:14:59,-46.6,168.3333,39.79,89,89,9.06
14,Mudigere,IN,2021-08-01 19:14:59,13.1333,75.6333,65.53,94,100,5.03
15,Coihueco,CL,2021-08-01 19:14:19,-36.6167,-71.8333,63.34,42,0,9.22
16,Tabriz,IR,2021-08-01 19:14:37,38.08,46.2919,63.86,82,75,16.11
17,Ushuaia,AR,2021-08-01 19:12:52,-54.8,-68.3,46.06,57,0,6.91
18,Sao Joao Da Barra,BR,2021-08-01 19:15:00,-21.6403,-41.0511,71.69,60,88,10.31
19,Zhob,PK,2021-08-01 19:15:00,31.3411,69.4481,85.55,35,2,0.63
20,Dikson,RU,2021-08-01 19:14:48,73.5069,80.5464,39.36,98,97,4.52
21,Quba,AZ,2021-08-01 19:15:01,41.3626,48.5152,70.43,49,26,5.66
22,Faanui,PF,2021-08-01 19:12:13,-16.4833,-151.75,76.95,72,86,15.14
23,Egvekinot,RU,2021-08-01 19:15:03,66.3167,-179.1667,40.39,68,49,1.57
24,Acajutla,SV,2021-08-01 19:15:04,13.5928,-89.8275,97.14,65,77,8.32
25,Aswan,EG,2021-08-01 19:15:04,24.0934,32.907,96.3,13,9,9.17
26,Puerto Leguizamo,CO,2021-08-01 19:15:04,-0.1934,-74.7819,72.1,80,100,2.08
27,Caravelas,BR,2021-08-01 19:15:05,-17.7125,-39.2481,71.13,55,100,9.78
28,Jamestown,US,2021-08-01 19:12:03,42.097,-79.2353,69.39,90,75,3.0
29,Te Anau,NZ,2021-08-01 19:14:28,-45.4167,167.7167,40.71,92,95,1.3
30,Katobu,ID,2021-08-01 19:15:05,-4.9408,122.5276,73.09,95,35,3.04
31,Souillac,MU,2021-08-01 19:15:06,-20.5167,57.5167,70.36,78,38,15.61
32,Aksehir,TR,2021-08-01 19:15:06,38.3575,31.4164,74.53,33,0,10.2
33,Sistranda,NO,2021-08-01 19:10:09,63.7256,8.834,52.9,75,100,11.21
34,Gamba,GA,2021-08-01 19:15:07,-2.65,10.0,74.23,84,100,7.27
35,Namatanai,PG,2021-08-01 19:11:19,-3.6667,152.4333,78.3,84,11,6.55
36,Yarada,IN,2021-08-01 19:15:07,17.65,83.2667,84.52,79,40,6.91
37,Aklavik,CA,2021-08-01 19:15:08,68.2191,-135.0107,82.31,31,100,10.96
38,Punta Arenas,CL,2021-08-01 19:15:08,-53.15,-70.9167,48.31,61,40,13.8
39,Rikitea,PF,2021-08-01 19:15:08,-23.1203,-134.9692,69.33,59,100,23.89
40,Doka,SD,2021-08-01 19:15:09,13.5167,35.7667,71.96,89,100,4.47
41,Hermanus,ZA,2021-08-01 19:12:01,-34.4187,19.2345,57.9,80,97,7.27
42,Simao,CN,2021-08-01 19:13:14,22.7886,100.9748,64.18,98,46,1.48
43,Kunszentmarton,HU,2021-08-01 19:15:09,46.8392,20.2888,77.13,54,34,11.03
44,East London,ZA,2021-08-01 19:15:10,-33.0153,27.9116,63.81,57,10,15.9
45,Kloulklubed,PW,2021-08-01 19:15:10,7.0419,134.2556,84.16,77,100,13.76
46,Neerijnen,NL,2021-08-01 19:15:10,51.8317,5.2819,63.25,80,57,7.29
47,Cabo San Lucas,MX,2021-08-01 19:14:37,22.8909,-109.9124,97.81,68,20,1.99
48,Svetlyy,RU,2021-08-01 19:12:27,54.675,20.1347,64.45,81,100,9.37
49,Bourail,NC,2021-08-01 19:15:11,-21.5667,165.4833,61.59,67,20,5.32
50,Hilo,US,2021-08-01 19:15:11,19.7297,-155.09,75.79,89,93,1.01
51,Shelburne,CA,2021-08-01 19:15:12,44.0787,-80.2041,69.76,61,92,10.4
52,Hithadhoo,MV,2021-08-01 19:14:54,-0.6,73.0833,81.45,71,97,5.3
53,Vao,NC,2021-08-01 19:15:12,-22.6667,167.4833,66.13,59,68,13.91
54,Temple,US,2021-08-01 19:10:16,31.0982,-97.3428,97.79,48,75,3.0
55,Kavieng,PG,2021-08-01 19:15:13,-2.5744,150.7967,81.41,75,2,8.3
56,Saint Anthony,US,2021-08-01 19:15:14,45.0205,-93.218,79.93,41,75,5.99
57,Norman Wells,CA,2021-08-01 19:15:14,65.282,-126.8329,86.22,30,0,3.11
58,Atuona,PF,2021-08-01 19:12:17,-9.8,-139.0333,76.69,72,54,13.24
59,Palauig,PH,2021-08-01 19:15:14,15.435,119.9045,81.43,87,100,13.73
60,Leningradskiy,RU,2021-08-01 19:15:15,69.3833,178.4167,35.83,96,100,16.37
61,San Jose,US,2021-08-01 19:12:22,37.3394,-121.895,85.77,51,20,3.44
62,Kiama,AU,2021-08-01 19:15:15,-34.6833,150.8667,45.25,91,2,3.94
63,Yellowknife,CA,2021-08-01 19:15:01,62.456,-114.3525,85.32,30,2,1.01
64,Sioux Lookout,CA,2021-08-01 19:15:16,50.1001,-91.917,76.39,31,38,7.67
65,Tuktoyaktuk,CA,2021-08-01 19:15:16,69.4541,-133.0374,61.61,62,100,19.35
66,Port Elizabeth,ZA,2021-08-01 19:11:59,-33.918,25.5701,59.29,77,40,25.32
67,Khatanga,RU,2021-08-01 19:15:17,71.9667,102.5,62.56,67,68,8.55
68,Albany,US,2021-08-01 19:14:42,42.6001,-73.9662,76.87,67,55,8.1
69,Taoudenni,ML,2021-08-01 19:15:17,22.6783,-3.9836,105.64,17,100,9.6
70,Srednekolymsk,RU,2021-08-01 19:15:18,67.45,153.6833,37.58,78,100,9.13
71,Nome,US,2021-08-01 19:15:18,64.5011,-165.4064,50.07,87,90,9.22
72,Nagua,DO,2021-08-01 19:15:18,19.3832,-69.8474,93.45,69,100,13.2
73,Iqaluit,CA,2021-08-01 19:15:19,63.7506,-68.5145,55.13,71,90,3.44
74,Yeppoon,AU,2021-08-01 19:15:19,-23.1333,150.7333,55.18,91,0,5.39
75,Doha,QA,2021-08-01 19:12:52,25.2867,51.5333,96.78,56,0,2.3
76,Castro,BR,2021-08-01 19:15:19,-24.7911,-50.0119,57.2,63,69,4.07
77,Cape Town,ZA,2021-08-01 19:13:31,-33.9258,18.4232,58.12,76,44,1.01
78,Gainesville,US,2021-08-01 19:11:56,29.6516,-82.3248,89.67,74,40,5.75
79,Horta,PT,2021-08-01 19:15:18,38.5333,-28.6333,73.04,94,75,14.97
80,Victoria,HK,2021-08-01 19:13:35,22.2855,114.1577,85.32,88,99,1.99
81,Butaritari,KI,2021-08-01 19:15:20,3.0707,172.7902,82.99,69,16,10.02
82,Bredasdorp,ZA,2021-08-01 19:15:21,-34.5322,20.0403,56.52,72,80,6.91
83,Honningsvag,NO,2021-08-01 19:15:21,70.9821,25.9704,44.35,93,75,12.66
84,Andenes,NO,2021-08-01 19:15:21,69.3143,16.1194,48.18,76,75,12.66
85,Airai,TL,2021-08-01 19:15:22,-8.9266,125.4092,55.78,85,28,2.77
86,Bethel,US,2021-08-01 19:12:35,41.3712,-73.414,77.47,71,75,10.36
87,Vila Franca Do Campo,PT,2021-08-01 19:15:22,37.7167,-25.4333,72.01,85,54,9.22
88,Avarua,CK,2021-08-01 19:15:22,-21.2078,-159.775,77.05,78,75,21.85
89,La Ciotat,FR,2021-08-01 19:15:23,43.1748,5.6045,78.82,63,100,18.25
90,Hobart,AU,2021-08-01 19:14:43,-42.8794,147.3294,38.05,87,11,1.99
91,Codrington,AU,2021-08-01 19:15:23,-38.2667,141.9667,43.34,89,0,14.2
92,Camacha,PT,2021-08-01 19:15:24,33.0833,-16.3333,70.56,68,40,16.11
93,Ponta Do Sol,PT,2021-08-01 19:15:24,32.6667,-17.1,75.7,73,3,4.85
94,Montague,US,2021-08-01 19:15:25,42.5356,-72.5351,80.51,67,98,1.01
95,Ust-Tsilma,RU,2021-08-01 19:15:25,65.441,52.1498,51.78,90,52,2.15
96,Los Llanos De Aridane,ES,2021-08-01 19:15:25,28.6585,-17.9182,69.55,68,20,19.57
97,Mahebourg,MU,2021-08-01 19:15:25,-20.4081,57.7,70.25,83,75,13.8
98,Kodiak,US,2021-08-01 19:15:26,57.79,-152.4072,60.31,82,90,6.91
99,Saint-Philippe,RE,2021-08-01 19:14:46,-21.3585,55.7679,69.35,75,43,11.83
100,Urdoma,RU,2021-08-01 19:15:26,61.7533,48.5442,56.97,91,77,4.68
101,Sosnovo-Ozerskoye,RU,2021-08-01 19:15:26,52.5249,111.5418,48.97,91,2,1.05
102,Arraial Do Cabo,BR,2021-08-01 19:15:27,-22.9661,-42.0278,67.86,68,20,16.11
103,Vanimo,PG,2021-08-01 19:14:53,-2.6741,141.3028,77.22,89,36,4.43
104,Barrow,US,2021-08-01 19:15:27,71.2906,-156.7887,50.02,85,90,19.57
105,Urucara,BR,2021-08-01 19:15:28,-2.5364,-57.76,89.47,47,96,3.47
106,Asau,RO,2021-08-01 19:15:28,46.4333,26.4,76.12,83,0,3.67
107,Tiarei,PF,2021-08-01 19:15:29,-17.5333,-149.3333,78.82,63,26,9.33
108,Kapaa,US,2021-08-01 19:11:50,22.0752,-159.319,80.92,80,75,4.0
109,Cayenne,GF,2021-08-01 19:12:14,4.9333,-52.3333,87.84,78,75,5.01
110,Zlitan,LY,2021-08-01 19:15:29,32.4674,14.5687,86.86,45,0,8.68
111,Smithers,CA,2021-08-01 19:13:38,54.7804,-127.1743,85.84,35,0,1.88
112,Hamilton,US,2021-08-01 19:13:01,39.1834,-84.5333,81.99,69,75,5.99
113,Chuy,UY,2021-08-01 19:11:57,-33.6971,-53.4616,56.35,75,30,5.95
114,Carnarvon,AU,2021-08-01 19:15:00,-24.8667,113.6333,50.07,61,0,8.05
115,Teshie,GH,2021-08-01 19:15:30,5.5836,-0.1072,79.36,83,0,14.97
116,Sitka,US,2021-08-01 19:15:30,57.0531,-135.33,60.69,82,90,4.61
117,Esperance,AU,2021-08-01 19:11:07,-33.8667,121.9,54.36,57,93,25.05
118,Fort Nelson,CA,2021-08-01 19:15:16,58.8053,-122.7002,86.76,41,0,3.85
119,Kumbo,CM,2021-08-01 19:15:30,6.2,10.6667,60.46,97,100,4.05
120,Merrill,US,2021-08-01 19:15:31,45.1805,-89.6835,73.58,58,90,8.05
121,Puerto Ayora,EC,2021-08-01 19:15:31,-0.7393,-90.3518,73.54,87,50,8.01
122,San Andres,CO,2021-08-01 19:13:21,12.5847,-81.7006,89.62,70,40,17.27
123,San Ramon,US,2021-08-01 19:13:12,37.7799,-121.978,84.31,49,1,1.99
124,Bela Palanka,RS,2021-08-01 19:15:32,43.2183,22.3111,85.84,33,0,4.05
125,Upernavik,GL,2021-08-01 19:15:32,72.7868,-56.1549,44.2,75,33,13.2
126,Kaitangata,NZ,2021-08-01 19:15:33,-46.2817,169.8464,42.64,96,22,4.5
127,San Carlos De Bariloche,AR,2021-08-01 19:10:40,-41.1456,-71.3082,53.44,42,40,6.91
128,Hovd,MN,2021-08-01 19:15:33,48.0056,91.6419,55.17,65,5,3.76
129,Honiara,SB,2021-08-01 19:10:54,-9.4333,159.95,75.9,87,48,3.78
130,Never,FR,2021-08-01 19:15:34,46.9896,3.159,64.44,79,4,4.47
131,Araguacu,BR,2021-08-01 19:15:34,-12.9306,-49.8264,94.84,21,5,5.48
132,Isangel,VU,2021-08-01 19:15:34,-19.55,169.2667,66.31,77,85,8.05
133,Kadingilan,PH,2021-08-01 19:15:35,7.6011,124.9086,71.85,94,98,0.81
134,Hasaki,JP,2021-08-01 19:15:35,35.7333,140.8333,77.4,90,19,7.36
135,Nouadhibou,MR,2021-08-01 19:15:36,20.931,-17.0347,75.18,73,0,14.97
136,Bathsheba,BB,2021-08-01 19:15:36,13.2167,-59.5167,86.61,70,20,11.5
137,Olafsvik,IS,2021-08-01 19:15:36,64.8945,-23.7142,53.98,93,100,1.59
138,Nenjiang,CN,2021-08-01 19:15:36,49.1833,125.2167,54.93,90,100,3.67
139,Comodoro Rivadavia,AR,2021-08-01 19:13:11,-45.8667,-67.5,64.26,19,0,20.71
140,Channel-Port Aux Basques,CA,2021-08-01 19:15:15,47.5702,-59.1367,62.13,78,6,11.39
141,Guerrero Negro,MX,2021-08-01 19:14:26,27.9769,-114.0611,85.44,51,5,9.66
142,Progreso,MX,2021-08-01 19:15:37,21.2833,-89.6667,95.11,63,25,15.17
143,Santa Maria,BR,2021-08-01 19:15:37,-29.6842,-53.8069,63.52,54,0,3.02
144,Bengkulu,ID,2021-08-01 19:15:38,-3.8004,102.2655,74.89,89,89,4.99
145,Kashi,CN,2021-08-01 19:15:38,39.4547,75.9797,74.41,43,75,4.47
146,Marienburg,PL,2021-08-01 19:15:38,54.0359,19.0266,65.88,90,100,6.22
147,Qaanaaq,GL,2021-08-01 19:15:38,77.484,-69.3632,43.12,80,81,1.19
148,Jalalpur Pirwala,PK,2021-08-01 19:15:39,29.5069,71.2192,98.46,38,99,15.59
149,Sinnamary,GF,2021-08-01 19:15:39,5.3833,-52.95,81.36,78,54,9.15
150,Meulaboh,ID,2021-08-01 19:12:21,4.1363,96.1285,75.11,89,100,3.24
151,Mehamn,NO,2021-08-01 19:15:40,71.0357,27.8492,49.91,98,100,10.13
152,Ketchikan,US,2021-08-01 19:15:40,55.3422,-131.6461,63.07,82,90,9.22
153,Port Alfred,ZA,2021-08-01 19:14:51,-33.5906,26.891,61.83,74,19,25.86
154,Narsaq,GL,2021-08-01 19:15:41,60.9167,-46.05,61.02,76,100,1.72
155,Aksha,RU,2021-08-01 19:15:41,50.2814,113.2867,54.5,90,15,2.64
156,Balkhash,KZ,2021-08-01 19:15:42,46.844,74.9804,79.16,33,2,8.55
157,Kaseda,JP,2021-08-01 19:15:42,31.4167,130.3167,77.85,84,89,7.92
158,Provideniya,RU,2021-08-01 19:15:42,64.3833,-173.3,41.79,90,100,14.0
159,Alta Floresta,BR,2021-08-01 19:15:43,-9.8756,-56.0861,94.82,28,40,9.22
160,Kavaratti,IN,2021-08-01 19:15:43,10.5669,72.642,82.31,77,37,15.32
161,Birao,CF,2021-08-01 19:15:43,10.2849,22.7882,70.63,94,52,4.88
162,Karratha,AU,2021-08-01 19:15:44,-20.7377,116.8463,61.74,40,0,12.17
163,Xining,CN,2021-08-01 19:15:44,36.6167,101.7667,60.75,62,31,3.89
164,Uirauna,BR,2021-08-01 19:15:44,-6.5183,-38.4122,82.02,45,96,14.14
165,Tautira,PF,2021-08-01 19:15:45,-17.7333,-149.15,78.82,62,79,8.84
166,Lata,PT,2021-08-01 19:15:45,40.1629,-8.3327,69.35,89,98,5.35
167,Cedar City,US,2021-08-01 19:15:45,37.6775,-113.0619,78.4,44,20,4.61
168,Nanortalik,GL,2021-08-01 19:15:45,60.1432,-45.2371,51.01,72,100,15.57
169,Sundsvall,SE,2021-08-01 19:15:46,62.3913,17.3063,62.96,55,90,3.44
170,Gravelbourg,CA,2021-08-01 19:15:46,49.8834,-106.5512,88.07,21,14,3.87
171,Gunjur,GM,2021-08-01 19:15:46,13.2019,-16.7339,80.67,89,75,10.36
172,Mogadishu,SO,2021-08-01 19:15:47,2.0371,45.3438,75.92,85,76,20.65
173,Camabatela,AO,2021-08-01 19:15:47,-8.1881,15.375,68.9,27,14,4.61
174,Natal,BR,2021-08-01 19:12:18,-5.795,-35.2094,79.45,69,75,9.22
175,Erenhot,CN,2021-08-01 19:15:48,43.6475,111.9767,66.45,47,7,8.97
176,Filadelfia,US,2021-08-01 19:11:41,39.9523,-75.1638,77.25,79,90,1.99
177,Menongue,AO,2021-08-01 19:15:48,-14.6585,17.691,59.05,34,0,5.23
178,Inhambane,MZ,2021-08-01 19:15:48,-23.865,35.3833,58.98,94,0,0.0
179,Nikolskoye,RU,2021-08-01 19:12:05,59.7035,30.7861,64.4,69,6,9.13
180,Saravena,CO,2021-08-01 19:15:49,6.9538,-71.8752,78.42,93,93,3.11
181,Ozernovskiy,RU,2021-08-01 19:15:49,51.5,156.5167,51.12,84,0,6.96
182,Luxor,EG,2021-08-01 19:15:50,25.6989,32.6421,96.12,12,84,9.75
183,Longyearbyen,SJ,2021-08-01 19:12:20,78.2186,15.6401,46.24,71,75,16.11
184,Sfantu Gheorghe,RO,2021-08-01 19:15:50,45.8667,25.7833,75.27,58,0,4.32
185,Ovruch,UA,2021-08-01 19:15:50,51.3246,28.8035,70.77,76,75,3.47
186,Inuvik,CA,2021-08-01 19:15:51,68.3499,-133.7218,84.96,33,75,10.36
187,Beeville,US,2021-08-01 19:13:55,28.4008,-97.7483,98.29,52,1,8.05
188,Mackay,AU,2021-08-01 19:15:51,-21.15,149.2,63.05,86,3,3.89
189,Krasnoturansk,RU,2021-08-01 19:15:52,54.3186,91.5639,56.19,74,31,1.9
190,Bonthe,SL,2021-08-01 19:15:52,7.5264,-12.505,76.96,85,100,11.14
191,Shingu,JP,2021-08-01 19:15:52,33.7333,135.9833,78.91,91,100,2.89
192,Jadu,LY,2021-08-01 19:15:52,31.953,12.0261,90.45,17,52,10.71
193,Chumphon,TH,2021-08-01 19:15:53,10.3333,98.8333,73.74,93,100,8.32
194,San Cristobal,VE,2021-08-01 19:15:53,7.7669,-72.225,84.38,67,48,8.79
195,Muisne,EC,2021-08-01 19:15:53,0.6,-80.0333,86.11,77,59,12.44
196,Chapais,CA,2021-08-01 19:15:54,49.7834,-74.8492,67.78,53,92,10.87
197,Poum,NC,2021-08-01 19:15:54,-20.2333,164.0167,68.2,60,5,13.04
198,Dunedin,NZ,2021-08-01 19:15:55,-45.8742,170.5036,50.81,80,100,13.0
199,Pisco,PE,2021-08-01 19:15:55,-13.7,-76.2167,66.25,72,20,9.22
200,Batemans Bay,AU,2021-08-01 19:15:55,-35.7167,150.1833,39.99,93,10,3.76
201,Petropavlovsk-Kamchatskiy,RU,2021-08-01 19:15:56,53.0452,158.6483,46.99,100,0,8.95
202,The Hammocks,US,2021-08-01 19:13:02,25.6715,-80.4445,95.02,65,75,8.05
203,Riberalta,BO,2021-08-01 19:15:56,-10.9833,-66.1,89.8,35,4,16.11
204,Matara,LK,2021-08-01 19:15:57,5.9485,80.5353,78.89,86,100,9.51
205,Donetsk,UA,2021-08-01 19:14:05,48.0,37.8,81.9,41,0,4.07
206,Bani,DO,2021-08-01 19:12:12,18.2833,-70.3333,90.84,58,10,16.06
207,Banjar,ID,2021-08-01 19:15:57,-8.19,114.9675,78.66,89,8,7.14
208,Cascais,PT,2021-08-01 19:10:59,38.6979,-9.4215,73.47,74,20,4.0
209,Chokurdakh,RU,2021-08-01 19:15:58,70.6333,147.9167,34.34,81,19,6.13
210,Koungheul,SN,2021-08-01 19:15:58,13.9833,-14.8,83.7,74,56,9.86
211,Lichtenburg,ZA,2021-08-01 19:15:58,-26.152,26.1597,49.35,28,0,6.71
212,Newport,GB,2021-08-01 19:14:49,51.5877,-2.9984,67.68,69,82,4.59
213,Hay River,CA,2021-08-01 19:15:17,60.8156,-115.7999,76.23,45,57,3.24
214,Port Lincoln,AU,2021-08-01 19:15:59,-34.7333,135.8667,52.0,49,5,21.74
215,Santa Isabel,BR,2021-08-01 19:15:59,-23.3156,-46.2214,69.51,47,82,4.9
216,Oistins,BB,2021-08-01 19:16:00,13.0667,-59.5333,86.09,70,20,11.5
217,Adrar,MR,2021-08-01 19:16:00,20.5022,-10.0711,102.09,18,33,8.59
218,Touros,BR,2021-08-01 19:14:01,-5.1989,-35.4608,79.7,64,5,22.26
219,Jaguaruna,BR,2021-08-01 19:16:00,-28.615,-49.0256,68.23,70,100,12.41
220,Port Hedland,AU,2021-08-01 19:16:01,-20.3167,118.5667,59.05,44,0,11.5
221,Zhumadian,CN,2021-08-01 19:16:01,32.9794,114.0294,77.25,96,8,7.47
222,Georgetown,MY,2021-08-01 19:11:15,5.4112,100.3354,76.95,90,20,4.61
223,Saint-Jean-Port-Joli,CA,2021-08-01 19:16:02,47.2171,-70.2658,73.2,60,100,14.34
224,Brae,GB,2021-08-01 19:16:02,60.3964,-1.353,49.91,80,100,14.5
225,Jiwani,PK,2021-08-01 19:16:03,25.05,61.7417,82.17,87,100,13.78
226,Marica,BR,2021-08-01 19:12:03,-22.9194,-42.8186,73.26,58,39,13.02
227,Ouesso,CG,2021-08-01 19:16:03,1.6136,16.0517,72.28,92,100,1.54
228,Tasiilaq,GL,2021-08-01 19:16:04,65.6145,-37.6368,59.16,80,3,6.15
229,Thompson,CA,2021-08-01 19:16:04,55.7435,-97.8558,78.96,38,40,13.8
230,Lompoc,US,2021-08-01 19:16:05,34.6391,-120.4579,90.12,68,1,13.8
231,Ippy,CF,2021-08-01 19:16:05,6.2679,21.2247,67.19,93,100,2.77
232,Lagoa,PT,2021-08-01 19:16:05,39.05,-27.9833,72.32,94,57,18.1
233,Rorvik,NO,2021-08-01 19:16:05,64.8621,11.2373,51.91,76,40,6.91
234,Lorengau,PG,2021-08-01 19:16:06,-2.0226,147.2712,82.18,76,95,9.48
235,Richards Bay,ZA,2021-08-01 19:16:06,-28.783,32.0377,63.81,76,4,4.0
236,Chuguyevka,RU,2021-08-01 19:16:07,44.1653,133.8633,64.33,96,39,4.07
237,Lazurne,UA,2021-08-01 19:16:07,46.084,32.5295,79.02,65,0,5.82
238,Hofn,IS,2021-08-01 19:16:07,64.2539,-15.2082,54.3,92,100,2.17
239,Xuddur,SO,2021-08-01 19:16:08,4.1213,43.8894,75.09,68,98,19.95
240,Lichinga,MZ,2021-08-01 19:16:08,-13.3128,35.2406,60.89,72,90,9.22
241,Dunmore Town,BS,2021-08-01 19:16:08,25.5,-76.65,83.05,75,1,9.31
242,Pevek,RU,2021-08-01 19:16:08,69.7008,170.3133,33.12,98,100,12.06
243,Huarmey,PE,2021-08-01 19:16:09,-10.0681,-78.1522,70.12,69,3,12.66
244,Chifeng,CN,2021-08-01 19:12:52,42.2683,118.9636,62.69,80,63,4.7
245,Qasigiannguit,GL,2021-08-01 19:16:09,68.8193,-51.1922,57.45,55,2,4.54
246,Macusani,PE,2021-08-01 19:16:10,-14.0833,-70.4333,40.66,67,73,14.34
247,Ningxiang,CN,2021-08-01 19:16:10,37.34,111.2052,66.27,44,52,7.58
248,Xichang,CN,2021-08-01 19:16:10,27.8964,102.2634,63.46,78,0,2.13
249,Ust-Kulom,RU,2021-08-01 19:16:11,61.6864,53.6902,54.25,94,0,5.1
250,San Patricio,US,2021-08-01 19:16:11,28.017,-97.5169,97.52,38,100,12.82
251,Ancud,CL,2021-08-01 19:16:11,-41.8697,-73.8203,51.33,63,68,3.98
252,Torbay,CA,2021-08-01 19:16:12,47.6666,-52.7314,72.37,61,40,18.41
253,Paamiut,GL,2021-08-01 19:16:12,61.994,-49.6678,48.49,86,100,4.83
254,Mucurapo,TT,2021-08-01 19:16:12,10.6667,-61.5333,86.97,68,11,8.37
255,Najran,SA,2021-08-01 19:16:13,17.4924,44.1277,88.45,24,100,11.45
256,Yulara,AU,2021-08-01 19:16:13,-25.2406,130.9889,53.44,43,0,8.05
257,Tuy Hoa,VN,2021-08-01 19:16:13,13.0833,109.3,84.22,64,100,13.0
258,Chaman,PK,2021-08-01 19:16:14,30.9236,66.4512,82.85,12,0,10.42
259,Luderitz,NA,2021-08-01 19:16:14,-26.6481,15.1594,67.75,36,0,11.14
260,Charcas,MX,2021-08-01 19:16:15,23.1333,-101.1167,76.75,34,22,10.56
261,Itarema,BR,2021-08-01 19:16:16,-2.9248,-39.9167,83.79,61,100,17.38
262,Iztapa,GT,2021-08-01 19:16:16,13.9333,-90.7075,97.63,52,0,6.91
263,Aldan,RU,2021-08-01 19:15:12,58.6031,125.3894,53.46,94,100,4.54
264,Axim,GH,2021-08-01 19:16:16,4.8699,-2.2405,76.82,85,0,5.91
265,New Norfolk,AU,2021-08-01 19:16:17,-42.7826,147.0587,37.71,83,15,2.24
266,Si Satchanalai,TH,2021-08-01 19:16:17,17.5169,99.7598,77.86,82,100,4.88
267,Sangar,RU,2021-08-01 19:16:17,63.9242,127.4739,61.11,61,40,3.49
268,Portland,US,2021-08-01 19:16:13,45.5234,-122.6762,87.87,52,1,1.99
269,Alyangula,AU,2021-08-01 19:16:18,-13.8483,136.4192,62.47,100,40,3.44
270,Dedza,MW,2021-08-01 19:16:18,-14.3779,34.3332,55.44,63,66,3.13
271,Rio Brilhante,BR,2021-08-01 19:16:19,-21.8019,-54.5464,73.15,39,100,3.67
272,Pokrovsk,UA,2021-08-01 19:16:19,48.282,37.1758,75.49,52,19,2.55
273,Ust-Ilimsk,RU,2021-08-01 19:16:20,58.0006,102.6619,55.4,94,94,1.16
274,Chake Chake,TZ,2021-08-01 19:16:20,-5.2459,39.7666,74.07,82,100,13.65
275,Kenitra,MA,2021-08-01 19:16:20,34.261,-6.5802,70.56,60,1,8.99
276,Ribnica,SI,2021-08-01 19:16:20,45.7386,14.7275,68.52,87,0,3.2
277,Lebedinyy,RU,2021-08-01 19:16:21,58.5167,125.5167,52.77,93,100,6.49
278,Mount Gambier,AU,2021-08-01 19:12:59,-37.8333,140.7667,41.41,92,0,9.51
279,Goderich,CA,2021-08-01 19:16:21,43.7501,-81.7165,69.91,77,73,16.11
280,Bay Roberts,CA,2021-08-01 19:11:28,47.5999,-53.2648,73.65,58,13,10.0
281,Bakel,SN,2021-08-01 19:16:22,14.905,-12.4568,88.38,61,62,11.74
282,Shimoda,JP,2021-08-01 19:16:22,34.6667,138.95,73.11,79,7,1.77
283,Zhigansk,RU,2021-08-01 19:16:22,66.7697,123.3711,60.69,73,48,11.34
284,Ahipara,NZ,2021-08-01 19:16:23,-35.1667,173.1667,55.02,88,71,7.72
285,Honghu,CN,2021-08-01 19:16:23,29.8206,113.4621,81.32,70,0,4.7
286,Klaksvik,FO,2021-08-01 19:16:24,62.2266,-6.589,49.12,82,56,13.24
287,Jumla,NP,2021-08-01 19:16:24,29.2747,82.1838,64.04,94,96,1.07
288,Muros,ES,2021-08-01 19:16:24,42.7762,-9.0603,65.98,93,100,5.32
289,Siderno,IT,2021-08-01 19:16:24,38.2779,16.302,89.55,48,2,6.44
290,Kirakira,SB,2021-08-01 19:16:25,-10.4544,161.9205,73.89,85,100,7.94
291,Nemuro,JP,2021-08-01 19:16:25,43.3236,145.575,65.91,99,100,7.2
292,Faya,SA,2021-08-01 19:16:26,18.3851,42.4509,68.11,68,95,6.08
293,Touba,CI,2021-08-01 19:16:26,8.2833,-7.6833,71.8,94,97,3.74
294,Yar-Sale,RU,2021-08-01 19:16:27,66.8333,70.8333,55.67,93,100,17.13
295,Albina,SR,2021-08-01 19:16:27,5.5,-54.05,76.82,93,100,4.7
296,Beringovskiy,RU,2021-08-01 19:16:27,63.05,179.3167,45.28,73,42,10.83
297,Namibe,AO,2021-08-01 19:16:28,-15.1961,12.1522,68.77,89,39,6.6
298,Umm Lajj,SA,2021-08-01 19:16:28,25.0213,37.2685,88.32,56,5,2.8
299,Lakhdenpokhya,RU,2021-08-01 19:16:29,61.5198,30.1992,59.59,84,14,6.02
300,Akonolinga,CM,2021-08-01 19:14:47,3.7667,12.25,68.68,98,65,2.95
301,Stornoway,GB,2021-08-01 19:15:24,58.2093,-6.3865,56.93,67,90,2.3
302,Aden,YE,2021-08-01 19:13:51,12.7794,45.0367,83.46,77,96,7.25
303,Oranjemund,NA,2021-08-01 19:16:29,-28.55,16.4333,58.93,65,1,8.08
304,Porbandar,IN,2021-08-01 19:16:30,21.6422,69.6093,81.32,83,100,20.47
305,Tuatapere,NZ,2021-08-01 19:16:30,-46.1333,167.6833,39.81,94,100,5.84
306,Port Blair,IN,2021-08-01 19:16:31,11.6667,92.75,81.86,81,100,18.63
307,Urkarakh,RU,2021-08-01 19:16:31,42.163,47.6307,63.14,68,100,4.59
308,Hambantota,LK,2021-08-01 19:16:31,6.1241,81.1185,79.75,82,100,16.22
309,Marawi,PH,2021-08-01 19:16:32,7.9986,124.2928,71.65,94,100,3.78
310,Chara,RU,2021-08-01 19:16:32,56.9064,118.2631,50.97,93,100,3.27
311,Yakima,US,2021-08-01 19:16:32,46.4665,-120.6678,89.55,42,1,3.44
312,Kasongo-Lunda,CD,2021-08-01 19:16:33,-6.4667,16.8167,77.49,24,98,2.51
313,Vila Do Maio,CV,2021-08-01 19:16:33,15.1333,-23.2167,81.39,74,7,4.68
314,La Joya,MX,2021-08-01 19:16:33,18.6667,-99.4667,87.39,50,1,3.87
315,Hobyo,SO,2021-08-01 19:16:34,5.3505,48.5268,78.35,78,5,24.56
316,Huai Yot,TH,2021-08-01 19:16:34,7.7893,99.6348,74.8,96,100,4.21
317,San Juan,AR,2021-08-01 19:16:34,-31.5375,-68.5364,66.83,19,0,9.95
318,Phalaborwa,ZA,2021-08-01 19:16:35,-23.943,31.1411,63.68,25,0,6.58
319,Savelugu,GH,2021-08-01 19:16:35,9.6244,-0.8253,80.78,66,90,4.36
320,Dingle,PH,2021-08-01 19:16:36,10.9995,122.6711,77.36,87,100,8.03
321,La Ronge,CA,2021-08-01 19:16:36,55.1001,-105.2842,88.02,30,20,4.61
322,Bedesa,ET,2021-08-01 19:16:36,8.9,40.7833,63.95,74,81,4.97
323,Ballarpur,IN,2021-08-01 19:16:36,19.8333,79.35,78.94,80,100,8.79
324,Salym,RU,2021-08-01 19:12:20,60.0625,71.4789,60.22,99,100,4.54
325,Moron,AR,2021-08-01 19:14:55,-34.6534,-58.6198,64.0,51,0,1.83
326,Pierre,US,2021-08-01 19:16:37,44.3683,-100.351,85.28,33,1,1.01
327,Alice Springs,AU,2021-08-01 19:16:37,-23.7,133.8833,60.35,48,91,9.22
328,Dharchula,IN,2021-08-01 19:16:38,29.85,80.5333,73.04,91,99,2.8
329,Mecca,SA,2021-08-01 19:12:38,21.4267,39.8261,90.81,40,6,6.71
330,Henties Bay,NA,2021-08-01 19:16:38,-22.116,14.2845,68.45,43,0,13.13
331,Leiyang,CN,2021-08-01 19:16:38,26.4024,112.8591,81.7,73,100,2.21
332,Brewster,US,2021-08-01 19:16:39,41.3973,-73.6171,77.72,71,75,1.01
333,Fonte Boa,BR,2021-08-01 19:16:39,-2.4959,-66.2662,87.69,40,96,2.04
334,Victor Harbor,AU,2021-08-01 19:16:40,-35.5667,138.6167,53.19,70,1,11.05
335,Cabedelo,BR,2021-08-01 19:16:40,-6.9811,-34.8339,81.27,74,7,23.38
336,Soyaux,FR,2021-08-01 19:16:40,45.65,0.2,66.79,64,75,2.3
337,Soyo,AO,2021-08-01 19:12:17,-6.1349,12.3689,73.06,82,5,9.73
338,Kieta,PG,2021-08-01 19:11:50,-6.2167,155.6333,77.61,84,12,2.51
339,Koforidua,GH,2021-08-01 19:16:41,6.0941,-0.2591,77.49,83,52,4.47
340,Townsville,AU,2021-08-01 19:16:41,-19.25,146.8,67.08,94,40,4.61
341,Alekseyevka,RU,2021-08-01 19:16:41,50.6309,38.6903,76.6,48,0,0.13
342,Juba,SS,2021-08-01 19:16:42,4.8517,31.5825,75.29,74,98,2.98
343,Tucurui,BR,2021-08-01 19:16:42,-3.7661,-49.6725,93.22,34,82,5.55
344,Kungurtug,RU,2021-08-01 19:16:42,50.5994,97.5228,50.25,97,100,3.87
345,Fujin,CN,2021-08-01 19:16:43,47.26,132.0322,69.82,72,99,8.43
346,Santa Lucia,ES,2021-08-01 19:16:43,27.9117,-15.5407,68.76,65,20,29.93
347,Letlhakane,BW,2021-08-01 19:16:43,-21.4167,25.5833,58.42,35,0,6.06
348,Wuwei,CN,2021-08-01 19:16:44,37.9281,102.6414,72.54,37,34,6.31
349,Nushki,PK,2021-08-01 19:16:44,29.5542,66.0215,85.86,11,6,3.04
350,Kruisfontein,ZA,2021-08-01 19:16:45,-34.0033,24.7314,53.89,80,99,22.19
351,Vila Velha,BR,2021-08-01 19:12:45,-20.3297,-40.2925,72.97,54,0,11.5
352,Broken Hill,AU,2021-08-01 19:16:45,-31.95,141.4333,46.56,80,0,10.02
353,Synya,RU,2021-08-01 19:16:46,65.3718,58.0387,54.32,98,100,3.4
354,Mezen,RU,2021-08-01 19:16:47,65.8522,44.24,48.11,85,5,4.25
355,Tual,ID,2021-08-01 19:16:47,-5.6667,132.75,81.48,78,14,12.12
356,Pochutla,MX,2021-08-01 19:16:47,15.7432,-96.4661,91.22,58,76,6.49
357,Lavrentiya,RU,2021-08-01 19:16:47,65.5833,-171.0,40.28,88,100,11.12
358,Beni Mazar,EG,2021-08-01 19:16:48,28.4962,30.8029,95.34,12,1,8.1
359,Broome,US,2021-08-01 19:16:48,42.2506,-75.833,76.17,77,90,12.66
360,Severo-Yeniseyskiy,RU,2021-08-01 19:16:49,60.3725,93.0408,56.91,73,100,3.6
361,Bandarbeyla,SO,2021-08-01 19:16:49,9.4942,50.8122,78.06,81,1,27.11
362,Hit,IQ,2021-08-01 19:16:50,33.6416,42.8251,99.57,13,19,6.4
363,Villa Carlos Paz,AR,2021-08-01 19:16:50,-31.4241,-64.4978,69.24,30,0,14.0
364,Caluquembe,AO,2021-08-01 19:12:02,-13.7833,14.6833,62.17,27,1,3.69
365,Wilmington Island,US,2021-08-01 19:16:50,32.0036,-80.9737,95.09,56,40,12.66
366,Mabaruma,GY,2021-08-01 19:16:51,8.2,-59.7833,83.62,79,8,4.56
367,Trenggalek,ID,2021-08-01 19:16:51,-8.05,111.7167,72.41,95,57,3.96
368,Freeport,US,2021-08-01 19:12:20,40.6576,-73.5832,78.53,63,1,5.01
369,Kodinsk,RU,2021-08-01 19:16:52,58.6881,99.1844,57.0,97,100,4.76
370,Katherine,AU,2021-08-01 19:16:52,-14.4667,132.2667,70.12,68,11,0.0
371,Iznoski,RU,2021-08-01 19:16:53,54.9881,35.3108,64.18,93,98,2.89
372,Escarcega,MX,2021-08-01 19:16:53,18.6089,-90.7454,98.76,32,91,5.5
373,Harnoli,PK,2021-08-01 19:16:54,32.2792,71.5539,97.27,40,3,7.67
374,Barra Do Garcas,BR,2021-08-01 19:16:54,-15.89,-52.2567,95.58,21,0,0.0
375,Husavik,IS,2021-08-01 19:16:55,66.0449,-17.3389,57.11,64,69,6.02
376,Khrebtovaya,RU,2021-08-01 19:16:55,56.7032,104.2494,52.61,64,100,3.15
377,Sumenep,ID,2021-08-01 19:16:56,-7.0167,113.8667,77.67,79,21,3.15
378,Yenagoa,NG,2021-08-01 19:16:56,4.9247,6.2642,78.22,74,75,7.4
379,Novyy Urengoy,RU,2021-08-01 19:16:56,66.0833,76.6333,59.36,61,100,11.54
380,Necochea,AR,2021-08-01 19:16:56,-38.5473,-58.7368,52.2,48,3,2.42
381,Itupiranga,BR,2021-08-01 19:16:57,-5.1347,-49.3267,95.32,29,97,4.14
382,Chekalin,RU,2021-08-01 19:16:57,54.0969,36.245,66.25,84,21,1.61
383,Talnakh,RU,2021-08-01 19:16:57,69.4865,88.3972,54.14,92,100,5.32
384,Saint George,US,2021-08-01 19:16:58,37.1041,-113.5841,94.78,33,1,1.99
385,Kelvington,CA,2021-08-01 19:16:58,52.1667,-103.5343,82.06,21,34,10.02
386,Villazon,BO,2021-08-01 19:16:58,-22.0866,-65.5942,48.67,28,100,9.42
387,Avera,US,2021-08-01 19:16:59,33.194,-82.5271,96.91,38,83,14.79
388,Praia Da Vitoria,PT,2021-08-01 19:16:59,38.7333,-27.0667,77.76,100,75,18.5
389,Bhatkal,IN,2021-08-01 19:16:59,13.9667,74.5667,78.6,84,98,9.8
390,Obanazawa,JP,2021-08-01 19:16:59,38.6033,140.4019,72.81,97,1,2.42
391,Avallon,FR,2021-08-01 19:17:00,47.4833,3.9,59.0,84,11,5.08
392,Ribeira Grande,PT,2021-08-01 19:12:08,38.5167,-28.7,73.8,94,75,14.97
393,Sarangani,PH,2021-08-01 19:17:00,5.4033,125.4636,83.26,76,82,13.22
394,Margate,GB,2021-08-01 19:17:01,51.3813,1.3862,61.18,91,100,1.99
395,Rio Grande,BR,2021-08-01 19:13:34,-32.035,-52.0986,53.71,76,58,5.23
396,Ust-Nera,RU,2021-08-01 19:17:01,64.5667,143.2,45.12,82,1,4.85
397,Karachi,PK,2021-08-01 19:15:05,24.9056,67.0822,82.22,74,75,20.71
398,Zaysan,KZ,2021-08-01 19:17:02,47.4667,84.8667,66.43,31,0,9.17
399,Paciran,ID,2021-08-01 19:17:03,-6.8767,112.3761,77.07,78,5,9.31
400,Kabin Buri,TH,2021-08-01 19:17:03,13.9511,101.7177,76.08,88,100,6.87
401,Bandundu,CD,2021-08-01 19:17:03,-3.3167,17.3667,85.39,32,100,3.2
402,Olinda,BR,2021-08-01 19:17:04,-8.0089,-34.8553,80.33,69,75,24.16
403,Denpasar,ID,2021-08-01 19:14:36,-8.65,115.2167,78.46,89,40,4.61
404,Lebu,CL,2021-08-01 19:17:04,-37.6167,-73.65,54.34,67,6,17.74
405,Waingapu,ID,2021-08-01 19:17:05,-9.6567,120.2641,74.68,83,96,7.52
406,Tiksi,RU,2021-08-01 19:17:05,71.6872,128.8694,43.81,79,8,5.64
407,Viedma,AR,2021-08-01 19:17:06,-40.8135,-62.9967,59.76,31,0,19.84
408,Kidal,ML,2021-08-01 19:17:06,18.4411,1.4078,96.3,32,21,8.61
409,Dandong,CN,2021-08-01 19:17:06,40.1292,124.3947,71.33,95,100,6.13
410,Horki,BY,2021-08-01 19:17:07,54.2861,30.9842,69.48,64,100,2.3
411,Vostok,RU,2021-08-01 19:17:07,46.4856,135.8833,60.55,96,4,4.25
412,Belmonte,BR,2021-08-01 19:17:07,-15.8631,-38.8828,71.6,75,72,15.52
413,Alofi,NU,2021-08-01 19:17:07,-19.0595,-169.9187,75.09,78,23,18.41
414,Saldanha,ZA,2021-08-01 19:17:08,-33.0117,17.9442,56.34,90,49,9.57
415,Haapiti,PF,2021-08-01 19:17:08,-17.5667,-149.8667,78.53,62,59,9.35
416,Itoman,JP,2021-08-01 19:17:08,26.1247,127.6694,82.78,92,75,18.41
417,Kautokeino,NO,2021-08-01 19:17:09,69.0125,23.0412,42.33,82,92,10.45
418,Flin Flon,CA,2021-08-01 19:15:16,54.7682,-101.865,85.3,24,0,7.25
419,Ginir,ET,2021-08-01 19:17:09,7.1333,40.7,62.56,61,99,11.16
420,Pontian Kecil,MY,2021-08-01 19:17:10,1.4801,103.3899,78.93,83,62,2.21
421,Sola,VU,2021-08-01 19:17:10,-13.8833,167.55,75.33,62,97,10.18
422,Springdale,US,2021-08-01 19:17:11,36.1867,-94.1288,83.57,69,75,3.44
423,Vasalemma,EE,2021-08-01 19:17:11,59.2442,24.29,63.72,70,62,7.16
424,Mayo,US,2021-08-01 19:17:11,38.8876,-76.5119,78.4,92,90,5.01
425,Piacabucu,BR,2021-08-01 19:17:11,-10.4056,-36.4344,75.25,73,3,15.5
426,Vestmannaeyjar,IS,2021-08-01 19:17:12,63.4427,-20.2734,52.79,100,90,9.22
427,Shellbrook,CA,2021-08-01 19:17:12,53.2168,-106.4011,83.43,20,100,1.19
428,Pontes E Lacerda,BR,2021-08-01 19:17:13,-15.2261,-59.3353,91.09,15,0,7.81
429,Letterkenny,IE,2021-08-01 19:17:13,54.95,-7.7333,58.89,70,90,6.04
430,Iralaya,HN,2021-08-01 19:17:13,15.0,-83.2333,89.69,73,20,10.96
431,Pacific Grove,US,2021-08-01 19:14:01,36.6177,-121.9166,80.11,76,75,3.0
432,Burnie,AU,2021-08-01 19:17:14,-41.0667,145.9167,44.89,78,100,4.45
433,Ostrovnoy,RU,2021-08-01 19:17:14,68.0531,39.5131,49.12,83,15,8.61
434,Carinhanha,BR,2021-08-01 19:17:15,-14.3047,-43.765,85.12,22,40,8.39
435,Jaru,BR,2021-08-01 19:17:15,-10.4389,-62.4664,95.68,18,4,6.11
436,Mizdah,LY,2021-08-01 19:17:15,31.4451,12.9801,93.0,12,0,11.52
437,Berlevag,NO,2021-08-01 19:17:16,70.8578,29.0864,57.0,93,0,14.97
438,Kapit,MY,2021-08-01 19:17:16,2.0167,112.9333,73.94,99,89,2.21
439,Huancavelica,PE,2021-08-01 19:17:16,-12.7667,-74.9833,40.5,68,100,6.42
440,Port Hawkesbury,CA,2021-08-01 19:17:17,45.6169,-61.3485,75.9,54,20,3.0
441,Zinder,NE,2021-08-01 19:17:17,13.8072,8.9881,91.35,41,90,8.39
442,Santa Isabel Do Rio Negro,BR,2021-08-01 19:17:17,-0.4139,-65.0192,85.12,49,93,3.33
443,Havoysund,NO,2021-08-01 19:17:18,70.9963,24.6622,45.48,83,100,7.31
444,Nalut,LY,2021-08-01 19:17:18,30.3333,10.85,97.21,10,1,6.31
445,Ixtapa,MX,2021-08-01 19:17:18,20.7,-105.2,89.22,58,20,12.66
446,Port Hardy,CA,2021-08-01 19:15:16,50.6996,-127.4199,55.4,75,4,8.43
447,Mount Isa,AU,2021-08-01 19:17:19,-20.7333,139.5,60.57,55,53,0.0
448,Cartagena,CO,2021-08-01 19:17:19,10.3997,-75.5144,92.82,62,40,12.66
449,Fortuna,US,2021-08-01 19:17:20,40.5982,-124.1573,90.19,72,20,11.5
450,Oktyabrskiy,RU,2021-08-01 19:17:20,54.4815,53.471,65.95,60,17,1.63
451,Tortoli,IT,2021-08-01 19:17:20,39.9256,9.6572,81.99,88,0,4.61
452,Quelimane,MZ,2021-08-01 19:17:20,-17.8786,36.8883,69.75,78,0,4.61
453,Constitucion,CL,2021-08-01 19:17:21,-35.3333,-72.4167,62.62,48,0,10.02
454,Salalah,OM,2021-08-01 19:17:21,17.0151,54.0924,77.09,94,90,5.75
455,Erzin,TR,2021-08-01 19:17:21,36.9559,36.2,83.12,69,0,1.66
456,Nantucket,US,2021-08-01 19:12:31,41.2835,-70.0995,77.34,67,1,9.22
457,Tiznit,MA,2021-08-01 19:17:22,29.5833,-9.5,73.33,49,0,6.4
458,Zlobin,HR,2021-08-01 19:17:22,45.2924,14.6541,72.7,60,20,5.75
459,Khilok,RU,2021-08-01 19:17:23,51.3674,110.4676,53.13,91,100,3.53
460,Bambous Virieux,MU,2021-08-01 19:17:23,-20.3428,57.7575,70.21,83,75,13.8
461,Beloha,MG,2021-08-01 19:17:23,-25.1667,45.05,67.69,69,0,9.35
462,Halifax,CA,2021-08-01 19:13:35,44.6453,-63.5724,77.41,60,1,5.01
463,Dickinson,US,2021-08-01 19:15:34,29.4608,-95.0513,97.18,64,75,1.01
464,Sulangan,PH,2021-08-01 19:17:24,11.1373,123.7228,83.61,75,100,15.59
465,Requena,ES,2021-08-01 19:17:24,39.4883,-1.1004,69.58,49,68,7.2
466,Udachnyy,RU,2021-08-01 19:17:25,66.4167,112.4,63.09,42,2,3.2
467,Grand Gaube,MU,2021-08-01 19:17:25,-20.0064,57.6608,70.38,76,14,5.99
468,Albert Lea,US,2021-08-01 19:17:26,43.648,-93.3683,77.0,43,1,10.36
469,Sur,OM,2021-08-01 19:17:26,22.5667,59.5289,91.42,53,100,15.41
470,Kutum,SD,2021-08-01 19:17:27,14.2,24.6667,81.19,50,82,8.61
471,Coihaique,CL,2021-08-01 19:17:27,-45.5752,-72.0662,53.55,58,90,6.91
472,Leshukonskoye,RU,2021-08-01 19:17:27,64.8989,45.7622,55.13,93,16,0.63
473,Alhaurin De La Torre,ES,2021-08-01 19:17:28,36.664,-4.5614,80.55,55,0,3.44
474,Nabire,ID,2021-08-01 19:17:28,-3.3667,135.4833,75.34,91,99,3.24
475,Areka,ET,2021-08-01 19:17:28,7.0667,37.7,60.37,81,100,2.57
476,Ambulu,ID,2021-08-01 19:17:29,-8.345,113.6058,73.44,89,9,3.51
477,Murray Bridge,AU,2021-08-01 19:17:29,-35.1167,139.2667,53.49,77,0,9.62
478,Lahaina,US,2021-08-01 19:17:00,20.8783,-156.6825,83.44,63,6,13.71
479,Sambava,MG,2021-08-01 19:17:29,-14.2667,50.1667,68.95,90,85,12.19
480,Neka,IR,2021-08-01 19:17:30,36.6508,53.299,76.62,76,46,6.04
481,Coquimbo,CL,2021-08-01 19:17:31,-29.9533,-71.3436,62.33,67,0,13.8
482,Salaga,GH,2021-08-01 19:17:31,8.5508,-0.5188,80.29,66,100,3.58
483,Amarante Do Maranhao,BR,2021-08-01 19:17:31,-5.5667,-46.7422,94.53,25,96,8.23
484,Sao Miguel Do Araguaia,BR,2021-08-01 19:17:32,-13.275,-50.1628,94.35,20,1,5.75
485,Pimenta Bueno,BR,2021-08-01 19:17:32,-11.6725,-61.1936,97.27,16,0,3.76
486,Laguna,US,2021-08-01 19:17:33,38.421,-121.4238,102.04,41,1,4.0
487,Rosario,AR,2021-08-01 19:16:04,-32.9468,-60.6393,68.61,33,0,1.99
488,Jalu,LY,2021-08-01 19:17:33,29.0331,21.5482,95.61,12,6,8.41
489,Kolyshley,RU,2021-08-01 19:17:33,52.7005,44.5367,76.12,46,100,2.66
490,Cidreira,BR,2021-08-01 19:17:34,-30.1811,-50.2056,59.74,76,92,8.28
491,Arona,ES,2021-08-01 19:17:34,28.0996,-16.681,70.99,68,0,8.01
492,Sorong,ID,2021-08-01 19:17:34,-0.8833,131.25,78.46,89,35,9.46
493,Pangai,TO,2021-08-01 19:17:35,-19.8,-174.35,73.51,68,40,17.27
494,Los Altos,US,2021-08-01 19:17:35,37.3852,-122.1141,85.5,58,1,1.99
495,Gandhidham,IN,2021-08-01 19:17:36,23.0833,70.1333,82.04,78,100,17.31
496,Harper,LR,2021-08-01 19:17:36,4.375,-7.7169,76.06,79,44,7.56
497,Dali,CN,2021-08-01 19:17:36,25.7,100.1833,62.89,81,10,0.36
498,Kalaikunda,IN,2021-08-01 19:17:37,22.35,87.25,82.27,82,100,5.97
499,Svetlaya,RU,2021-08-01 19:17:37,46.5389,138.3297,62.44,92,96,11.99
500,Iranshahr,IR,2021-08-01 19:17:38,27.2025,60.6848,100.74,30,32,0.0
501,Tigil,RU,2021-08-01 19:17:38,57.8,158.6667,47.19,90,100,6.53
502,Kargopol,RU,2021-08-01 19:17:39,61.5071,38.9456,56.98,99,100,4.54
503,Sechura,PE,2021-08-01 19:17:39,-5.5569,-80.8222,76.89,56,10,14.27
504,Davlekanovo,RU,2021-08-01 19:17:39,54.2215,55.0343,71.62,55,52,4.41
505,Aurora,US,2021-08-01 19:14:53,39.7294,-104.8319,80.11,45,75,1.99
506,Jefferson City,US,2021-08-01 19:14:14,38.5767,-92.1735,86.13,48,20,8.05
507,Saint-Pierre,RE,2021-08-01 19:17:40,-21.3393,55.4781,67.64,72,20,4.61
508,New Milford,US,2021-08-01 19:17:40,40.9327,-74.0179,78.96,77,90,6.91
509,Danville,US,2021-08-01 19:17:00,36.586,-79.395,85.21,74,90,3.44
510,Kurdzhinovo,RU,2021-08-01 19:17:40,43.9884,40.9552,63.73,84,0,6.49
511,Ossora,RU,2021-08-01 19:17:41,59.2353,163.0719,53.15,75,100,7.9
512,Susehri,TR,2021-08-01 19:17:41,40.1644,38.0867,65.07,86,14,5.01
513,Dargaville,NZ,2021-08-01 19:17:41,-35.9333,173.8833,50.79,93,48,5.19
514,Salamanca,ES,2021-08-01 19:13:26,40.8333,-6.0,74.62,53,20,13.0
515,Tekeli,KZ,2021-08-01 19:17:42,44.83,78.8239,62.73,22,27,9.71
516,Asosa,ET,2021-08-01 19:17:42,10.0667,34.5333,59.65,90,100,2.1
517,Gladstone,AU,2021-08-01 19:17:43,-23.85,151.25,57.78,94,75,0.0
518,Puerto Narino,CO,2021-08-01 19:15:31,-3.7703,-70.3831,84.15,41,55,4.74
519,Wanning,CN,2021-08-01 19:17:43,18.8003,110.3967,80.76,89,100,10.45
520,Arman,RU,2021-08-01 19:17:43,59.7,150.1667,46.45,63,0,13.06
521,Rancho Palos Verdes,US,2021-08-01 19:17:43,33.7445,-118.387,99.66,75,1,4.0
522,Panlaitan,PH,2021-08-01 19:17:44,12.1191,119.8486,82.94,84,100,16.96
523,Raga,SS,2021-08-01 19:17:44,8.4596,25.678,69.71,97,100,4.9
524,Paredon,MX,2021-08-01 19:17:44,16.0333,-93.8667,91.31,56,95,5.7
525,Tapah,MY,2021-08-01 19:17:45,4.2004,101.2598,76.91,93,100,3.85
526,Amuntai,ID,2021-08-01 19:17:45,-2.4177,115.2494,73.6,97,100,1.66
527,Bar Harbor,US,2021-08-01 19:16:39,44.3876,-68.2039,77.94,46,1,14.97
528,Moussoro,TD,2021-08-01 19:17:45,13.6408,16.4901,84.81,56,100,5.08
529,Xapuri,BR,2021-08-01 19:17:46,-10.6517,-68.5044,88.45,19,6,5.57
530,Novo Aripuana,BR,2021-08-01 19:17:46,-5.1206,-60.3797,97.39,23,11,4.68
531,Sao Filipe,CV,2021-08-01 19:17:46,14.8961,-24.4956,76.23,76,17,9.82
532,Atambua,ID,2021-08-01 19:17:47,-9.1061,124.8925,70.56,86,77,5.28
533,Hualmay,PE,2021-08-01 19:17:47,-11.0964,-77.6139,67.84,72,11,10.25
534,Yagodnoye,RU,2021-08-01 19:17:47,62.55,149.6667,39.38,95,100,7.09
535,Garachine,PA,2021-08-01 19:17:48,8.0647,-78.3628,84.38,77,97,8.48
536,Socorro,US,2021-08-01 19:17:48,31.6546,-106.3033,90.5,43,75,13.8
537,San Pedro,PH,2021-08-01 19:17:48,14.35,121.0167,82.35,83,100,15.9
538,College,US,2021-08-01 19:14:05,64.8569,-147.8028,69.75,67,75,4.61
539,Apatou,GF,2021-08-01 19:17:49,5.155,-54.3472,82.51,76,99,1.88
540,Ilulissat,GL,2021-08-01 19:14:35,69.2167,-51.1,57.22,41,0,5.75
541,Sidi Ali,DZ,2021-08-01 19:17:49,36.0998,0.4206,72.93,51,13,3.76
542,Pemba,MZ,2021-08-01 19:17:50,-12.974,40.5178,75.9,69,20,14.97
543,Aloleng,PH,2021-08-01 19:17:50,16.1307,119.7824,82.36,84,100,21.14
544,Verkhnyaya Inta,RU,2021-08-01 19:17:50,65.9811,60.3094,51.69,96,41,8.3
545,Severo-Kurilsk,RU,2021-08-01 19:14:57,50.6789,156.125,52.14,82,0,16.69
546,Dudinka,RU,2021-08-01 19:17:51,69.4058,86.1778,50.92,96,100,7.09
547,Peace River,CA,2021-08-01 19:15:16,56.2501,-117.286,88.43,35,69,5.64
548,Chaplygin,RU,2021-08-01 19:17:51,53.2432,39.9629,75.29,49,33,4.5
549,Sao Felix Do Xingu,BR,2021-08-01 19:17:51,-6.6447,-51.995,96.96,23,100,6.82
550,Rodrigues Alves,BR,2021-08-01 19:17:52,-7.738,-72.6509,89.8,34,81,3.42
551,Kahului,US,2021-08-01 19:17:52,20.8947,-156.47,83.46,69,20,19.57
552,Mana,GF,2021-08-01 19:17:53,5.6592,-53.7767,81.52,76,65,9.4
553,Olkhovka,RU,2021-08-01 19:17:53,53.2115,60.6069,68.16,70,100,4.61
554,Wajima,JP,2021-08-01 19:17:54,37.4,136.9,79.21,83,75,3.56
555,Matagami,CA,2021-08-01 19:17:54,49.7502,-77.6328,60.91,63,75,13.8
556,Lafiagi,NG,2021-08-01 19:17:54,8.8667,5.4167,73.78,97,100,2.15
557,Ojinaga,MX,2021-08-01 19:17:55,29.5667,-104.4167,83.35,54,75,14.97
